bJsIeS52X,C,1256,0,f
bJsIeS52X,C,1637,0,t
bJsIeS52X,C,2150,0,f
bJsIeS52X,C,1487,0,f
bJsIeS52X,C,1618,0,t
bJsIeS52X,C,1345,0,t
bJsIeS52X,C,1285,0,t
bJsIeS52X,C,1245,0,t
bJsIeS52X,C,1205,0,t
bJsIeS52X,C,1405,0,t
bJsIeS52X,C,1826,0,t
bJsIeS52X,C,1758,0,t
bJsIeS52X,C,2641,0,t
bJsIeS52X,C,1064,0,t
bJsIeS52X,C,965,0,f
bJsIeS52X,C,3162,1,t
bJsIeS52X,C,1134,0,t
bJsIeS52X,C,1276,0,t
bJsIeS52X,C,2219,0,t
bJsIeS52X,C,1525,0,f
bJsIeS52X,C,1235,0,t
bJsIeS52X,C,915,0,f
bJsIeS52X,C,1857,0,t
bJsIeS52X,C,984,0,f
bJsIeS52X,C,1245,0,t
bJsIeS52X,C,1324,0,t
bJsIeS52X,C,1087,0,f
bJsIeS52X,C,1153,0,f
bJsIeS52X,C,2379,0,t
bJsIeS52X,C,1278,0,f
bJsIeS52X,C,1798,0,t
bJsIeS52X,C,1185,0,f
bJsIeS52X,C,1135,0,t
bJsIeS52X,C,1296,0,t
bJsIeS52X,C,2168,0,t
bJsIeS52X,C,1234,0,t
bJsIeS52X,C,1445,0,t
bJsIeS52X,C,1867,0,t
bJsIeS52X,C,1044,0,t
bJsIeS52X,C,1285,0,t
bJsIeS52X,C,1005,0,f
bJsIeS52X,C,1114,0,t
bJsIeS52X,C,1899,0,t
bJsIeS52X,C,1526,0,t
bJsIeS52X,C,1194,0,f
bJsIeS52X,C,1228,0,t
bJsIeS52X,C,1265,0,t
bJsIeS52X,C,3172,0,t
bJsIeS52X,C,1526,0,t
bJsIeS52X,C,2376,0,t
bJsIeS52X,C,1335,0,t
bJsIeS52X,C,1225,0,t
bJsIeS52X,C,1135,0,t
bJsIeS52X,C,1000,0,f
bJsIeS52X,C,1092,0,f
bJsIeS52X,C,2024,0,t
bJsIeS52X,C,994,0,t
bJsIeS52X,C,1608,0,t
bJsIeS52X,C,1686,0,t
bJsIeS52X,C,1517,0,t
bJsIeS52X,C,1284,0,t
bJsIeS52X,C,1075,0,f
bJsIeS52X,C,1998,0,t
bJsIeS52X,C,1224,0,t
bJsIeS52X,C,1385,0,t
bJsIeS52X,C,1215,0,t
bJsIeS52X,C,1344,0,t
bJsIeS52X,C,1204,0,t
bJsIeS52X,C,1255,0,t
bJsIeS52X,C,2159,0,t
bJsIeS52X,C,1214,0,t
bJsIeS52X,C,1275,0,f
bJsIeS52X,C,793,0,f
bJsIeS52X,C,1114,0,t
bJsIeS52X,C,1574,0,f
bJsIeS52X,C,1335,0,t
bJsIeS52X,C,1286,0,t
bJsIeS52X,C,1095,0,f
bJsIeS52X,C,1365,0,t
bJsIeS52X,C,1405,0,t
bJsIeS52X,C,1226,0,t
bJsIeS52X,C,1003,0,f
bJsIeS52X,C,1516,0,t
bJsIeS52X,C,1055,0,f
bJsIeS52X,C,1967,0,t
bJsIeS52X,C,1355,0,f
bJsIeS52X,C,983,0,f
bJsIeS52X,C,903,0,f
bJsIeS52X,C,1365,0,f
bJsIeS52X,C,1436,0,t
bJsIeS52X,R,2931,0,f
bJsIeS52X,R,1888,0,t
bJsIeS52X,R,2450,0,t
bJsIeS52X,R,3184,0,t
bJsIeS52X,R,2631,0,t
bJsIeS52X,R,1936,0,t
bJsIeS52X,R,1937,0,t
bJsIeS52X,R,1948,0,t
bJsIeS52X,R,2229,0,t
bJsIeS52X,R,1827,0,t
bJsIeS52X,R,2811,0,t
bJsIeS52X,R,1387,0,f
bJsIeS52X,R,1665,0,t
bJsIeS52X,R,1595,0,f
bJsIeS52X,R,1838,0,t
bJsIeS52X,R,975,0,f
bJsIeS52X,R,1165,0,f
bJsIeS52X,R,1959,0,t
bJsIeS52X,R,2139,0,t
bJsIeS52X,R,1065,0,f
bJsIeS52X,R,1887,0,t
bJsIeS52X,R,2822,0,t
bJsIeS52X,R,1726,0,t
bJsIeS52X,R,3675,0,t
bJsIeS52X,R,2230,0,t
bJsIeS52X,R,2972,0,t
bJsIeS52X,R,1787,0,t
bJsIeS52X,R,2510,0,t
bJsIeS52X,R,1356,0,f
bJsIeS52X,R,2401,0,t
bJsIeS52X,R,2480,0,t
bJsIeS52X,R,2310,0,t
bJsIeS52X,R,1938,0,t
bJsIeS52X,R,1014,0,f
bJsIeS52X,R,2811,0,t
bJsIeS52X,R,3524,0,t
bJsIeS52X,R,1652,0,t
bJsIeS52X,R,1046,0,f
bJsIeS52X,R,1797,0,t
bJsIeS52X,R,2068,0,t
bJsIeS52X,R,2309,0,t
bJsIeS52X,R,1070,0,f
bJsIeS52X,R,924,0,f
bJsIeS52X,R,1556,0,t
bJsIeS52X,R,3113,0,t
bJsIeS52X,R,2028,0,t
bJsIeS52X,R,2178,0,t
bJsIeS52X,R,1235,0,f
bJsIeS52X,R,1697,0,f
bJsIeS52X,R,1677,0,t
bJsIeS52X,R,1085,0,f
bJsIeS52X,R,2210,0,t
bJsIeS52X,R,3062,0,t
bJsIeS52X,R,2138,0,t
bJsIeS52X,R,2269,0,t
bJsIeS52X,R,1355,0,f
bJsIeS52X,R,1556,0,t
bJsIeS52X,R,2621,0,t
bJsIeS52X,R,2580,0,t
bJsIeS52X,R,1878,0,t
bJsIeS52X,R,964,0,f
bJsIeS52X,R,1205,0,f
bJsIeS52X,R,1235,0,f
bJsIeS52X,R,1948,0,t
bJsIeS52X,R,1706,0,t
bJsIeS52X,R,2932,0,t
bJsIeS52X,R,2098,0,t
bJsIeS52X,R,1928,0,t
bJsIeS52X,R,1648,0,t
bJsIeS52X,R,1246,0,f
bJsIeS52X,R,2321,0,t
bJsIeS52X,R,1506,0,t
bJsIeS52X,R,4497,0,t
bJsIeS52X,R,1336,0,f
bJsIeS52X,R,1626,0,t
bJsIeS52X,R,3163,0,t
bJsIeS52X,R,2721,0,t
bJsIeS52X,R,2077,0,t
bJsIeS52X,R,1084,0,f
bJsIeS52X,R,1858,0,t
bJsIeS52X,R,2099,0,t
bJsIeS52X,R,1757,0,t
bJsIeS52X,R,2239,0,t
bJsIeS52X,R,1103,0,f
bJsIeS52X,R,2429,0,t
bJsIeS52X,R,1285,0,f
bJsIeS52X,R,1766,0,t
bJsIeS52X,R,2941,0,t
bJsIeS52X,R,1506,0,t
bJsIeS52X,R,2811,0,t
Zkvhs_i2Q,R,1968,0,f
Zkvhs_i2Q,R,1055,0,f
Zkvhs_i2Q,R,1715,0,t
Zkvhs_i2Q,R,2304,0,t
Zkvhs_i2Q,R,2544,0,t
Zkvhs_i2Q,R,1728,0,t
Zkvhs_i2Q,R,1152,0,f
Zkvhs_i2Q,R,1616,0,t
Zkvhs_i2Q,R,1760,0,t
Zkvhs_i2Q,R,1792,0,f
Zkvhs_i2Q,R,1825,0,t
Zkvhs_i2Q,R,1870,0,t
Zkvhs_i2Q,R,3056,1,t
Zkvhs_i2Q,R,3344,1,t
Zkvhs_i2Q,R,1816,0,t
Zkvhs_i2Q,R,2544,0,t
Zkvhs_i2Q,R,1170,0,f
Zkvhs_i2Q,R,1792,0,t
Zkvhs_i2Q,R,1912,0,f
Zkvhs_i2Q,R,1944,0,t
Zkvhs_i2Q,R,2200,0,t
Zkvhs_i2Q,R,1128,0,f
Zkvhs_i2Q,R,3088,0,t
Zkvhs_i2Q,R,1456,0,f
Zkvhs_i2Q,R,1156,0,f
Zkvhs_i2Q,R,864,0,f
Zkvhs_i2Q,R,1760,0,t
Zkvhs_i2Q,R,896,0,f
Zkvhs_i2Q,R,864,0,f
Zkvhs_i2Q,R,1430,0,f
Zkvhs_i2Q,R,1824,0,t
Zkvhs_i2Q,R,1032,0,f
Zkvhs_i2Q,R,1672,0,t
Zkvhs_i2Q,R,970,0,f
Zkvhs_i2Q,R,1520,0,f
Zkvhs_i2Q,R,1688,0,t
Zkvhs_i2Q,R,1232,0,f
Zkvhs_i2Q,R,1802,0,t
Zkvhs_i2Q,R,1680,0,t
Zkvhs_i2Q,R,1135,0,f
Zkvhs_i2Q,R,3688,0,t
Zkvhs_i2Q,R,1920,0,t
Zkvhs_i2Q,R,1608,0,t
Zkvhs_i2Q,R,1448,0,t
Zkvhs_i2Q,R,1488,0,t
Zkvhs_i2Q,R,2864,0,t
Zkvhs_i2Q,R,3064,0,t
Zkvhs_i2Q,R,1704,0,t
Zkvhs_i2Q,R,1960,0,t
Zkvhs_i2Q,R,1634,0,t
Zkvhs_i2Q,R,1590,0,t
Zkvhs_i2Q,R,1921,0,t
Zkvhs_i2Q,R,2473,0,t
Zkvhs_i2Q,R,1818,0,t
Zkvhs_i2Q,R,1696,0,t
Zkvhs_i2Q,R,2146,0,t
Zkvhs_i2Q,R,2201,0,t
Zkvhs_i2Q,R,1584,0,t
Zkvhs_i2Q,R,1377,0,f
Zkvhs_i2Q,R,1648,0,t
Zkvhs_i2Q,R,1963,0,t
Zkvhs_i2Q,R,4393,0,t
Zkvhs_i2Q,R,1704,0,t
Zkvhs_i2Q,R,2343,0,t
Zkvhs_i2Q,R,1993,0,t
Zkvhs_i2Q,R,2345,0,t
Zkvhs_i2Q,R,1170,0,f
Zkvhs_i2Q,R,1473,0,t
Zkvhs_i2Q,R,3369,0,t
Zkvhs_i2Q,R,865,0,f
Zkvhs_i2Q,R,825,0,f
Zkvhs_i2Q,R,2904,0,t
Zkvhs_i2Q,R,1888,0,t
Zkvhs_i2Q,R,3288,0,t
Zkvhs_i2Q,R,1185,0,f
Zkvhs_i2Q,R,1864,0,t
Zkvhs_i2Q,R,2329,0,t
Zkvhs_i2Q,R,856,0,f
Zkvhs_i2Q,R,2416,0,t
Zkvhs_i2Q,R,2072,0,f
Zkvhs_i2Q,R,1792,0,t
Zkvhs_i2Q,R,1760,0,t
Zkvhs_i2Q,R,1449,0,t
Zkvhs_i2Q,R,2892,0,t
Zkvhs_i2Q,R,1713,0,t
Zkvhs_i2Q,R,1712,0,t
Zkvhs_i2Q,R,2785,0,t
Zkvhs_i2Q,R,1152,0,f
Zkvhs_i2Q,R,2456,0,t
Zkvhs_i2Q,R,898,0,f
Zkvhs_i2Q,C,1849,0,f
Zkvhs_i2Q,C,1280,0,f
Zkvhs_i2Q,C,1536,0,t
Zkvhs_i2Q,C,1577,0,f
Zkvhs_i2Q,C,2903,0,t
Zkvhs_i2Q,C,1288,0,t
Zkvhs_i2Q,C,1464,0,t
Zkvhs_i2Q,C,1056,0,t
Zkvhs_i2Q,C,1336,0,t
Zkvhs_i2Q,C,2072,0,f
Zkvhs_i2Q,C,1960,0,t
Zkvhs_i2Q,C,1609,1,t
Zkvhs_i2Q,C,1314,0,t
Zkvhs_i2Q,C,1256,0,t
Zkvhs_i2Q,C,1448,0,t
Zkvhs_i2Q,C,1312,0,f
Zkvhs_i2Q,C,1088,0,t
Zkvhs_i2Q,C,1400,0,t
Zkvhs_i2Q,C,1120,0,f
Zkvhs_i2Q,C,1199,0,t
Zkvhs_i2Q,C,1175,0,t
Zkvhs_i2Q,C,1400,0,t
Zkvhs_i2Q,C,1001,0,t
Zkvhs_i2Q,C,1744,1,t
Zkvhs_i2Q,C,808,0,f
Zkvhs_i2Q,C,1032,0,t
Zkvhs_i2Q,C,1240,1,t
Zkvhs_i2Q,C,880,0,t
Zkvhs_i2Q,C,1072,0,t
Zkvhs_i2Q,C,1120,0,f
Zkvhs_i2Q,C,1192,0,t
Zkvhs_i2Q,C,1624,0,f
Zkvhs_i2Q,C,1336,0,t
Zkvhs_i2Q,C,1552,0,t
Zkvhs_i2Q,C,1425,0,f
Zkvhs_i2Q,C,1048,0,f
Zkvhs_i2Q,C,689,0,f
Zkvhs_i2Q,C,1144,0,t
Zkvhs_i2Q,C,1130,0,t
Zkvhs_i2Q,C,1696,0,t
Zkvhs_i2Q,C,968,0,t
Zkvhs_i2Q,C,984,0,t
Zkvhs_i2Q,C,1112,0,t
Zkvhs_i2Q,C,987,0,t
Zkvhs_i2Q,C,1320,0,t
Zkvhs_i2Q,C,1097,0,t
Zkvhs_i2Q,C,1088,0,t
Zkvhs_i2Q,C,1272,1,f
Zkvhs_i2Q,C,954,0,f
Zkvhs_i2Q,C,1056,0,t
Zkvhs_i2Q,C,1112,0,f
Zkvhs_i2Q,C,1093,0,f
Zkvhs_i2Q,C,872,0,f
Zkvhs_i2Q,C,1144,0,f
Zkvhs_i2Q,C,882,0,f
Zkvhs_i2Q,C,1178,0,t
Zkvhs_i2Q,C,1090,0,f
Zkvhs_i2Q,C,976,0,f
Zkvhs_i2Q,C,1265,0,f
Zkvhs_i2Q,C,873,0,t
Zkvhs_i2Q,C,1128,0,t
Zkvhs_i2Q,C,1184,0,t
Zkvhs_i2Q,C,1152,0,t
Zkvhs_i2Q,C,1192,0,f
Zkvhs_i2Q,C,1336,0,t
Zkvhs_i2Q,C,1185,0,t
Zkvhs_i2Q,C,1337,0,t
Zkvhs_i2Q,C,1561,0,t
Zkvhs_i2Q,C,1048,0,t
Zkvhs_i2Q,C,1176,0,t
Zkvhs_i2Q,C,2552,0,t
Zkvhs_i2Q,C,1352,1,t
Zkvhs_i2Q,C,1043,0,f
Zkvhs_i2Q,C,1304,0,t
Zkvhs_i2Q,C,920,0,t
Zkvhs_i2Q,C,1057,0,f
Zkvhs_i2Q,C,1025,0,f
Zkvhs_i2Q,C,1312,0,f
Zkvhs_i2Q,C,1401,0,t
Zkvhs_i2Q,C,1472,0,t
Zkvhs_i2Q,C,1136,0,t
Zkvhs_i2Q,C,1201,0,t
Zkvhs_i2Q,C,1384,0,t
Zkvhs_i2Q,C,1368,1,f
Zkvhs_i2Q,C,1120,0,t
Zkvhs_i2Q,C,994,0,f
Zkvhs_i2Q,C,1897,0,f
Zkvhs_i2Q,C,1431,0,f
Zkvhs_i2Q,C,1177,0,t
Zkvhs_i2Q,C,1112,0,t
WyZCFb62m,C,1587,0,f
WyZCFb62m,C,1137,0,t
WyZCFb62m,C,1085,0,f
WyZCFb62m,C,947,0,f
WyZCFb62m,C,938,0,f
WyZCFb62m,C,936,0,f
WyZCFb62m,C,1231,0,t
WyZCFb62m,C,1048,0,t
WyZCFb62m,C,1175,0,t
WyZCFb62m,C,1383,0,t
WyZCFb62m,C,1203,0,t
WyZCFb62m,C,1689,0,t
WyZCFb62m,C,1147,0,t
WyZCFb62m,C,1566,0,f
WyZCFb62m,C,1174,0,t
WyZCFb62m,C,956,0,f
WyZCFb62m,C,1251,0,t
WyZCFb62m,C,1128,0,t
WyZCFb62m,C,1390,0,f
WyZCFb62m,C,1192,0,t
WyZCFb62m,C,1077,0,t
WyZCFb62m,C,921,0,f
WyZCFb62m,C,964,0,f
WyZCFb62m,C,1148,0,t
WyZCFb62m,C,1337,0,f
WyZCFb62m,C,1529,0,t
WyZCFb62m,C,1403,0,t
WyZCFb62m,C,1177,0,f
WyZCFb62m,C,1315,0,t
WyZCFb62m,C,1678,0,f
WyZCFb62m,C,1003,0,f
WyZCFb62m,C,1452,0,t
WyZCFb62m,C,1167,0,t
WyZCFb62m,C,1184,0,t
WyZCFb62m,C,1228,0,f
WyZCFb62m,C,1093,0,t
WyZCFb62m,C,1137,0,t
WyZCFb62m,C,1370,0,f
WyZCFb62m,C,1089,0,f
WyZCFb62m,C,1282,0,t
WyZCFb62m,C,1349,0,f
WyZCFb62m,C,1365,0,t
WyZCFb62m,C,1342,0,t
WyZCFb62m,C,1161,0,t
WyZCFb62m,C,1490,0,t
WyZCFb62m,C,1169,0,t
WyZCFb62m,C,1326,0,t
WyZCFb62m,C,1181,0,t
WyZCFb62m,C,1117,0,t
WyZCFb62m,C,1303,0,t
WyZCFb62m,C,1213,0,t
WyZCFb62m,C,1137,0,t
WyZCFb62m,C,1074,0,t
WyZCFb62m,C,972,0,f
WyZCFb62m,C,1131,0,t
WyZCFb62m,C,1150,0,t
WyZCFb62m,C,953,0,f
WyZCFb62m,C,1249,0,t
WyZCFb62m,C,1187,0,t
WyZCFb62m,C,1124,0,t
WyZCFb62m,C,910,0,f
WyZCFb62m,C,1367,0,t
WyZCFb62m,C,1049,0,t
WyZCFb62m,C,993,0,f
WyZCFb62m,C,1093,0,f
WyZCFb62m,C,1238,0,t
WyZCFb62m,C,1427,0,t
WyZCFb62m,C,1387,0,t
WyZCFb62m,C,1153,0,t
WyZCFb62m,C,1161,0,t
WyZCFb62m,C,1202,0,f
WyZCFb62m,C,1934,0,t
WyZCFb62m,C,1211,0,f
WyZCFb62m,C,1167,0,t
WyZCFb62m,C,1140,0,t
WyZCFb62m,C,1304,0,t
WyZCFb62m,C,1130,0,f
WyZCFb62m,C,1567,0,f
WyZCFb62m,C,1473,0,t
WyZCFb62m,C,1785,0,t
WyZCFb62m,C,1795,0,t
WyZCFb62m,C,1264,0,t
WyZCFb62m,C,1770,0,t
WyZCFb62m,C,1249,0,t
WyZCFb62m,C,1013,0,t
WyZCFb62m,C,1038,0,t
WyZCFb62m,C,1990,0,t
WyZCFb62m,C,1049,0,t
WyZCFb62m,C,1104,0,t
WyZCFb62m,C,993,0,t
byHe-fT2m,R,1044,0,f
byHe-fT2m,R,2276,0,t
byHe-fT2m,R,1422,0,f
byHe-fT2m,R,1012,0,f
byHe-fT2m,R,3960,0,t
byHe-fT2m,R,3188,0,t
byHe-fT2m,R,1337,0,f
byHe-fT2m,R,2268,0,t
byHe-fT2m,R,3998,0,t
byHe-fT2m,R,2348,0,t
byHe-fT2m,R,2745,0,t
byHe-fT2m,R,3243,0,t
byHe-fT2m,R,2718,0,t
byHe-fT2m,R,2503,0,t
byHe-fT2m,R,1124,0,f
byHe-fT2m,R,4220,0,t
byHe-fT2m,R,2719,0,t
byHe-fT2m,R,1616,0,f
byHe-fT2m,R,1078,0,f
byHe-fT2m,R,2421,0,t
byHe-fT2m,R,2106,0,t
byHe-fT2m,R,2149,0,t
byHe-fT2m,R,1196,0,f
byHe-fT2m,R,1882,0,t
byHe-fT2m,R,2105,0,t
byHe-fT2m,R,1806,0,t
byHe-fT2m,R,2228,0,t
byHe-fT2m,R,1848,0,t
byHe-fT2m,R,1126,0,f
byHe-fT2m,R,2222,0,t
byHe-fT2m,R,2551,0,t
byHe-fT2m,R,1148,0,f
byHe-fT2m,R,2804,0,t
byHe-fT2m,R,2450,0,t
Zk0-PGanQ,C,2621,0,f
WyZCFb62m,R,1820,0,f
Zk0-PGanQ,C,1171,0,t
byHe-fT2m,R,2748,0,t
WyZCFb62m,R,1722,0,t
Zk0-PGanQ,C,1188,0,t
Zk0-PGanQ,C,1113,0,f
WyZCFb62m,R,1537,0,t
byHe-fT2m,R,2868,0,t
Zk0-PGanQ,C,1219,0,f
WyZCFb62m,R,1330,0,f
Zk0-PGanQ,C,1658,0,t
byHe-fT2m,R,2690,0,t
WyZCFb62m,R,1994,0,t
Zk0-PGanQ,C,1703,0,f
WyZCFb62m,R,1462,0,t
byHe-fT2m,R,2241,0,t
Zk0-PGanQ,C,1283,0,t
Zk0-PGanQ,C,1354,0,t
WyZCFb62m,R,1718,0,t
byHe-fT2m,R,2232,0,t
Zk0-PGanQ,C,1295,0,f
WyZCFb62m,R,1829,0,t
Zk0-PGanQ,C,1187,0,t
byHe-fT2m,R,2749,0,t
Zk0-PGanQ,C,1435,0,t
WyZCFb62m,R,2094,0,t
byHe-fT2m,R,2092,0,t
Zk0-PGanQ,C,1603,0,t
WyZCFb62m,R,2287,0,t
byHe-fT2m,R,977,0,f
byHe-fT2m,R,1068,0,f
WyZCFb62m,R,1460,0,t
Zk0-PGanQ,C,3101,0,t
Zk0-PGanQ,C,1018,0,f
WyZCFb62m,R,2058,0,t
byHe-fT2m,R,2482,0,t
Zk0-PGanQ,C,1265,0,t
WyZCFb62m,R,1593,0,f
Zk0-PGanQ,C,1267,0,t
Zk0-PGanQ,C,1025,0,f
byHe-fT2m,R,3930,0,f
WyZCFb62m,R,1708,0,t
Zk0-PGanQ,C,1094,0,t
byHe-fT2m,R,1300,0,f
Zk0-PGanQ,C,1474,0,f
WyZCFb62m,R,2468,0,t
Zk0-PGanQ,C,1363,0,t
byHe-fT2m,R,1948,0,t
Zk0-PGanQ,C,1210,0,t
WyZCFb62m,R,1601,0,f
Zk0-PGanQ,C,1154,0,t
byHe-fT2m,R,2728,0,t
WyZCFb62m,R,1028,0,f
Zk0-PGanQ,C,1170,0,t
byHe-fT2m,R,1090,0,f
WyZCFb62m,R,1835,0,t
Zk0-PGanQ,C,1210,0,t
WyZCFb62m,R,1062,0,f
Zk0-PGanQ,C,1379,0,t
byHe-fT2m,R,2694,1,t
Zk0-PGanQ,C,1178,0,f
Zk0-PGanQ,C,1248,0,f
WyZCFb62m,R,3023,0,t
byHe-fT2m,R,3171,0,t
Zk0-PGanQ,C,1226,0,f
WyZCFb62m,R,1603,0,f
Zk0-PGanQ,C,982,0,t
byHe-fT2m,R,2826,0,t
Zk0-PGanQ,C,1297,0,t
WyZCFb62m,R,2285,0,t
Zk0-PGanQ,C,1307,0,t
byHe-fT2m,R,1944,0,f
Zk0-PGanQ,C,937,0,t
WyZCFb62m,R,1879,0,t
Zk0-PGanQ,C,1226,0,f
WyZCFb62m,R,1175,0,f
byHe-fT2m,R,2645,0,t
Zk0-PGanQ,C,1370,0,t
WyZCFb62m,R,1749,0,t
byHe-fT2m,R,997,0,f
Zk0-PGanQ,C,1243,0,t
WyZCFb62m,R,1345,0,f
Zk0-PGanQ,C,1034,0,f
byHe-fT2m,R,1878,0,t
Zk0-PGanQ,C,1218,0,t
WyZCFb62m,R,2263,0,t
byHe-fT2m,R,1874,0,t
Zk0-PGanQ,C,1222,0,f
byHe-fT2m,R,1095,0,f
WyZCFb62m,R,1774,0,t
Zk0-PGanQ,C,1435,0,t
Zk0-PGanQ,C,1202,0,f
byHe-fT2m,R,2252,0,t
WyZCFb62m,R,2303,0,t
Zk0-PGanQ,C,1062,0,f
byHe-fT2m,R,2182,0,t
Zk0-PGanQ,C,1035,0,f
WyZCFb62m,R,1136,0,f
Zk0-PGanQ,C,1757,0,t
WyZCFb62m,R,1965,0,t
byHe-fT2m,R,2678,0,f
Zk0-PGanQ,C,971,0,f
WyZCFb62m,R,1248,0,f
Zk0-PGanQ,C,1041,0,f
byHe-fT2m,R,1593,0,f
Zk0-PGanQ,C,842,0,f
WyZCFb62m,R,2086,0,t
byHe-fT2m,R,1852,0,t
Zk0-PGanQ,C,1037,0,t
WyZCFb62m,R,1279,0,f
Zk0-PGanQ,C,1113,0,t
Zk0-PGanQ,C,1195,0,t
WyZCFb62m,R,1683,0,f
byHe-fT2m,R,2204,0,t
Zk0-PGanQ,C,1482,0,t
byHe-fT2m,R,1416,0,f
WyZCFb62m,R,2079,0,t
Zk0-PGanQ,C,1138,0,t
Zk0-PGanQ,C,1258,0,f
byHe-fT2m,R,1916,0,t
WyZCFb62m,R,1825,0,t
Zk0-PGanQ,C,1178,0,f
Zk0-PGanQ,C,907,0,t
WyZCFb62m,R,1928,0,t
byHe-fT2m,R,2447,0,t
WyZCFb62m,R,944,0,f
Zk0-PGanQ,C,2052,0,t
byHe-fT2m,R,1977,0,t
Zk0-PGanQ,C,969,0,f
WyZCFb62m,R,1354,0,f
Zk0-PGanQ,C,1203,0,f
byHe-fT2m,R,2791,0,t
WyZCFb62m,R,2551,0,t
Zk0-PGanQ,C,1497,0,f
byHe-fT2m,R,1870,0,t
Zk0-PGanQ,C,2021,0,f
byHe-fT2m,R,1718,0,t
Zk0-PGanQ,C,1070,0,t
WyZCFb62m,R,2238,0,t
Zk0-PGanQ,C,1146,0,t
WyZCFb62m,R,953,0,f
byHe-fT2m,R,2186,0,t
Zk0-PGanQ,C,1443,0,t
WyZCFb62m,R,1891,0,t
byHe-fT2m,R,1871,0,t
Zk0-PGanQ,C,1305,0,t
WyZCFb62m,R,1991,0,t
Zk0-PGanQ,C,1050,0,t
Zk0-PGanQ,C,1146,0,t
WyZCFb62m,R,1688,0,t
byHe-fT2m,R,4131,1,t
Zk0-PGanQ,C,1162,0,f
WyZCFb62m,R,1044,0,f
Zk0-PGanQ,C,1154,0,t
byHe-fT2m,R,1416,0,f
Zk0-PGanQ,C,865,0,f
byHe-fT2m,R,1860,0,t
Zk0-PGanQ,C,1521,0,t
WyZCFb62m,R,3791,0,t
Zk0-PGanQ,C,1033,0,t
WyZCFb62m,R,1720,0,t
byHe-fT2m,R,2902,1,t
Zk0-PGanQ,C,1179,0,t
WyZCFb62m,R,1115,0,f
Zk0-PGanQ,C,985,0,t
byHe-fT2m,R,1652,0,f
Zk0-PGanQ,C,1538,0,f
WyZCFb62m,R,2323,0,t
Zk0-PGanQ,C,1242,0,t
byHe-fT2m,R,2840,0,t
WyZCFb62m,R,1659,0,t
Zk0-PGanQ,C,961,0,f
WyZCFb62m,R,1020,0,f
byHe-fT2m,R,2262,0,t
Zk0-PGanQ,C,1419,0,f
Zk0-PGanQ,C,1354,0,t
byHe-fT2m,R,1263,0,f
WyZCFb62m,R,930,0,f
Zk0-PGanQ,C,1169,0,t
byHe-fT2m,R,1032,0,f
Zk0-PGanQ,C,1098,0,t
WyZCFb62m,R,1754,0,t
byHe-fT2m,R,2212,1,t
Zk0-PGanQ,C,1273,0,f
WyZCFb62m,R,1988,0,t
Zk0-PGanQ,C,1218,0,t
byHe-fT2m,R,2033,0,t
Zk0-PGanQ,C,1161,0,t
WyZCFb62m,R,2003,0,t
Zk0-PGanQ,C,1018,0,f
byHe-fT2m,R,2170,0,f
Zk0-PGanQ,C,1266,0,t
WyZCFb62m,R,1699,0,t
Zk0-PGanQ,C,1224,0,t
byHe-fT2m,R,2122,0,t
WyZCFb62m,R,1878,0,t
Zk0-PGanQ,C,1265,0,f
WyZCFb62m,R,1400,0,f
byHe-fT2m,R,2797,0,t
Zk0-PGanQ,C,1554,0,t
WyZCFb62m,R,1076,0,f
Zk0-PGanQ,C,1001,0,f
byHe-fT2m,R,1992,0,t
Zk0-PGanQ,C,969,0,f
WyZCFb62m,R,1930,0,t
byHe-fT2m,R,1368,0,f
WyZCFb62m,R,1930,0,t
byHe-fT2m,R,2138,0,t
WyZCFb62m,R,2046,0,t
WyZCFb62m,R,1802,0,t
WyZCFb62m,R,2257,0,t
WyZCFb62m,R,1731,0,t
WyZCFb62m,R,2018,0,t
WyZCFb62m,R,1802,0,t
WyZCFb62m,R,1096,0,f
WyZCFb62m,R,907,0,f
WyZCFb62m,R,2134,0,t
WyZCFb62m,R,2123,0,t
WyZCFb62m,R,1913,0,t
WyZCFb62m,R,1407,0,f
WyZCFb62m,R,1987,0,t
WyZCFb62m,R,1195,0,f
WyZCFb62m,R,1906,0,t
WyZCFb62m,R,1930,0,t
WyZCFb62m,R,2134,0,t
WyZCFb62m,R,1575,0,t
WyZCFb62m,R,2172,0,t
WyZCFb62m,R,1453,0,f
WyZCFb62m,R,1577,0,t
WyZCFb62m,R,2262,0,t
WyZCFb62m,R,2327,0,t
WyZCFb62m,R,1289,0,f
Zk0-PGanQ,R,2204,0,f
WyZCFb62m,R,1427,0,f
Zk0-PGanQ,R,2885,0,t
WyZCFb62m,R,1817,0,t
Zk0-PGanQ,R,1338,0,t
Zk0-PGanQ,R,1186,0,t
Zk0-PGanQ,R,1137,0,f
Zk0-PGanQ,R,1081,0,f
Zk0-PGanQ,R,1691,0,t
Zk0-PGanQ,R,1282,0,t
Zk0-PGanQ,R,1225,0,t
Zk0-PGanQ,R,2107,0,t
Zk0-PGanQ,R,1253,0,t
Zk0-PGanQ,R,1338,0,f
Zk0-PGanQ,R,1161,0,f
Zk0-PGanQ,R,1667,0,t
Zk0-PGanQ,R,1522,0,t
Zk0-PGanQ,R,1410,0,t
Zk0-PGanQ,R,1259,0,t
Zk0-PGanQ,R,1114,0,t
Zk0-PGanQ,R,1611,0,t
Zk0-PGanQ,R,1234,0,f
Zk0-PGanQ,R,1498,0,t
Zk0-PGanQ,R,1017,0,f
Zk0-PGanQ,R,1106,0,t
Zk0-PGanQ,R,1266,0,t
Zk0-PGanQ,R,1025,0,f
byHe-fT2m,C,1065,0,f
byHe-fT2m,C,1045,0,f
Zk0-PGanQ,R,986,0,t
Zk0-PGanQ,R,1410,0,t
Zk0-PGanQ,R,1276,0,f
Zk0-PGanQ,R,1171,0,f
byHe-fT2m,C,1578,0,t
byHe-fT2m,C,1084,0,f
byHe-fT2m,C,1884,1,t
Zk0-PGanQ,R,1009,0,f
Zk0-PGanQ,R,1186,0,t
Zk0-PGanQ,R,1434,0,t
Zk0-PGanQ,R,1153,0,f
byHe-fT2m,C,2929,0,t
byHe-fT2m,C,1619,0,f
byHe-fT2m,C,1180,0,f
byHe-fT2m,C,1405,0,t
byHe-fT2m,C,1906,0,t
Zk0-PGanQ,R,1041,0,t
Zk0-PGanQ,R,1026,0,t
Zk0-PGanQ,R,1186,0,t
Zk0-PGanQ,R,1134,0,f
Zk0-PGanQ,R,1089,0,f
Zk0-PGanQ,R,1138,0,f
Zk0-PGanQ,R,1202,0,f
Zk0-PGanQ,R,1314,0,f
WyZCFb62m,R,2455,0,t
Zk0-PGanQ,R,1818,0,f
Zk0-PGanQ,R,1345,0,t
Zk0-PGanQ,R,1627,0,t
Zk0-PGanQ,R,1483,0,f
Zk0-PGanQ,R,1018,0,t
Zk0-PGanQ,R,1177,0,t
Zk0-PGanQ,R,1106,0,t
Zk0-PGanQ,R,1146,0,t
Zk0-PGanQ,R,1274,0,f
Zk0-PGanQ,R,905,0,f
Zk0-PGanQ,R,1223,0,t
Zk0-PGanQ,R,1217,0,t
Zk0-PGanQ,R,1018,0,f
Zk0-PGanQ,R,1490,0,t
Zk0-PGanQ,R,1098,0,t
Zk0-PGanQ,R,1074,0,t
Zk0-PGanQ,R,1370,0,t
Zk0-PGanQ,R,945,0,f
Zk0-PGanQ,R,1330,0,t
Zk0-PGanQ,R,1110,0,t
Zk0-PGanQ,R,1082,0,t
Zk0-PGanQ,R,1314,0,t
Zk0-PGanQ,R,1117,0,t
Zk0-PGanQ,R,1194,0,t
byHe-fT2m,C,1601,0,t
byHe-fT2m,C,1454,0,f
byHe-fT2m,C,2364,1,t
Zk0-PGanQ,R,1107,0,t
Zk0-PGanQ,R,873,0,f
Zk0-PGanQ,R,1226,0,t
Zk0-PGanQ,R,1185,0,f
byHe-fT2m,C,1172,0,t
byHe-fT2m,C,1108,0,f
byHe-fT2m,C,1831,0,t
Zk0-PGanQ,R,1321,0,t
Zk0-PGanQ,R,1169,0,f
Zk0-PGanQ,R,1123,0,t
Zk0-PGanQ,R,1329,0,t
Zk0-PGanQ,R,1226,0,f
Zk0-PGanQ,R,1033,0,t
byHe-fT2m,C,1168,0,f
byHe-fT2m,C,1096,0,f
byHe-fT2m,C,1312,0,t
byHe-fT2m,C,1816,1,t
byHe-fT2m,C,1342,0,t
Zk0-PGanQ,R,990,0,f
byHe-fT2m,C,1416,0,t
byHe-fT2m,C,1264,0,t
Zk0-PGanQ,R,1290,0,t
Zk0-PGanQ,R,1443,0,t
byHe-fT2m,C,2083,0,f
Zk0-PGanQ,R,1706,0,f
byHe-fT2m,C,1428,0,t
Zk0-PGanQ,R,1466,0,t
byHe-fT2m,C,1348,0,t
Zk0-PGanQ,R,1234,0,f
byHe-fT2m,C,1311,0,t
Zk0-PGanQ,R,1146,0,f
byHe-fT2m,C,1319,0,t
Zk0-PGanQ,R,1345,0,t
byHe-fT2m,C,1310,0,t
Zk0-PGanQ,R,1246,0,t
Zk0-PGanQ,R,802,0,f
byHe-fT2m,C,1638,0,t
Zk0-PGanQ,R,1122,0,t
byHe-fT2m,C,1156,0,t
Zk0-PGanQ,R,1230,0,f
byHe-fT2m,C,1820,0,t
Zk0-PGanQ,R,1314,0,t
Zk0-PGanQ,R,962,0,f
byHe-fT2m,C,1783,0,t
Zk0-PGanQ,R,1506,0,t
byHe-fT2m,C,1317,0,t
byHe-fT2m,C,1171,0,t
byHe-fT2m,C,1253,0,t
byHe-fT2m,C,1062,0,f
byHe-fT2m,C,2638,0,t
byHe-fT2m,C,1265,0,t
byHe-fT2m,C,2086,0,t
byHe-fT2m,C,1272,0,f
byHe-fT2m,C,1203,0,f
byHe-fT2m,C,1734,0,t
byHe-fT2m,C,1236,0,t
byHe-fT2m,C,1374,0,t
byHe-fT2m,C,1708,0,f
byHe-fT2m,C,1371,0,f
byHe-fT2m,C,1199,0,t
byHe-fT2m,C,1286,0,f
byHe-fT2m,C,1171,0,t
byHe-fT2m,C,1039,0,f
byHe-fT2m,C,1407,0,t
byHe-fT2m,C,1274,0,t
byHe-fT2m,C,1509,0,t
byHe-fT2m,C,1456,0,f
byHe-fT2m,C,1321,0,t
byHe-fT2m,C,1675,0,t
byHe-fT2m,C,1327,0,t
byHe-fT2m,C,1328,0,t
byHe-fT2m,C,1310,0,f
byHe-fT2m,C,1637,0,f
byHe-fT2m,C,1216,0,t
byHe-fT2m,C,2564,1,t
byHe-fT2m,C,1758,0,t
byHe-fT2m,C,1606,0,t
byHe-fT2m,C,1982,0,t
byHe-fT2m,C,1238,0,t
byHe-fT2m,C,2130,1,f
byHe-fT2m,C,1207,0,t
byHe-fT2m,C,1463,0,t
byHe-fT2m,C,1079,0,f
byHe-fT2m,C,1047,0,f
byHe-fT2m,C,1153,0,t
byHe-fT2m,C,1266,0,f
byHe-fT2m,C,1246,0,t
byHe-fT2m,C,1928,1,t
byHe-fT2m,C,2004,0,t
byHe-fT2m,C,1712,0,t
byHe-fT2m,C,1681,0,t
byHe-fT2m,C,1863,0,t
byHe-fT2m,C,1060,0,f
byHe-fT2m,C,1290,0,t
byHe-fT2m,C,1882,1,f
byHe-fT2m,C,1342,0,t
byHe-fT2m,C,1376,0,t
byHe-fT2m,C,1275,0,t
byHe-fT2m,C,1134,0,f
byHe-fT2m,C,1564,0,f
byHe-fT2m,C,1598,0,t
byHe-fT2m,C,1738,0,t
bkgX_jpnm,R,1198,0,f
bkgX_jpnm,R,1900,0,t
bkgX_jpnm,R,1566,0,t
bkgX_jpnm,R,1704,0,t
bkgX_jpnm,R,2433,0,t
bkgX_jpnm,R,1975,0,t
bkgX_jpnm,R,1752,0,t
bkgX_jpnm,R,1779,0,t
bkgX_jpnm,R,2325,0,t
bkgX_jpnm,R,1741,0,t
bkgX_jpnm,R,2537,0,t
bkgX_jpnm,R,1756,0,t
bkgX_jpnm,R,1267,0,f
bkgX_jpnm,R,1018,0,f
bkgX_jpnm,R,1620,0,t
bkgX_jpnm,R,1547,0,f
bkgX_jpnm,R,1386,0,f
bkgX_jpnm,R,1062,0,f
bkgX_jpnm,R,2388,0,t
bkgX_jpnm,R,1860,0,t
bkgX_jpnm,R,2835,0,t
bkgX_jpnm,R,1730,0,t
bkgX_jpnm,R,1962,0,f
bkgX_jpnm,R,3380,0,t
bkgX_jpnm,R,1670,0,f
bkgX_jpnm,R,1963,0,t
bkgX_jpnm,R,2229,0,t
bkgX_jpnm,R,2525,0,t
bkgX_jpnm,R,1930,0,t
bkgX_jpnm,R,1043,0,f
bkgX_jpnm,R,2050,0,f
bkgX_jpnm,R,948,0,f
bkgX_jpnm,R,2187,0,t
bkgX_jpnm,R,1758,0,t
bkgX_jpnm,R,1699,0,t
bkgX_jpnm,R,3036,0,t
bkgX_jpnm,R,1487,0,f
bkgX_jpnm,R,1854,0,t
bkgX_jpnm,R,1036,0,f
bkgX_jpnm,R,2313,0,t
bkgX_jpnm,R,1333,0,f
bkgX_jpnm,R,2179,0,t
bkgX_jpnm,R,1784,0,t
bkgX_jpnm,R,1067,0,f
bkgX_jpnm,R,1961,0,t
bkgX_jpnm,R,1745,0,t
bkgX_jpnm,R,1050,0,f
bkgX_jpnm,R,1063,0,f
bkgX_jpnm,R,3145,0,t
bkgX_jpnm,R,1637,0,t
bkgX_jpnm,R,2121,0,t
bkgX_jpnm,R,2693,0,t
bkgX_jpnm,R,1963,0,t
bkgX_jpnm,R,3931,0,t
bkgX_jpnm,R,1282,0,f
bkgX_jpnm,R,1226,0,f
bkgX_jpnm,R,2135,0,t
bkgX_jpnm,R,1925,0,t
bkgX_jpnm,R,1978,0,t
bkgX_jpnm,R,1741,0,f
bkgX_jpnm,R,1871,0,t
bkgX_jpnm,R,1026,0,f
bkgX_jpnm,R,2200,0,t
bkgX_jpnm,R,1623,0,f
bkgX_jpnm,R,1868,0,t
bkgX_jpnm,R,1219,0,f
bkgX_jpnm,R,2333,0,t
bkgX_jpnm,R,1029,0,f
bkgX_jpnm,R,2538,0,t
bkgX_jpnm,R,2629,0,t
bkgX_jpnm,R,2236,0,t
bkgX_jpnm,R,1799,0,f
bkgX_jpnm,R,2140,0,t
bkgX_jpnm,R,2521,0,t
bkgX_jpnm,R,1226,0,f
bkgX_jpnm,R,1323,0,f
bkgX_jpnm,R,2529,0,t
bkgX_jpnm,R,2201,0,t
bkgX_jpnm,R,1714,0,t
bkgX_jpnm,R,2712,0,t
bkgX_jpnm,R,2015,0,t
bkgX_jpnm,R,1783,0,f
bkgX_jpnm,R,2399,0,t
bkgX_jpnm,R,1133,0,f
bkgX_jpnm,R,1703,0,f
bkgX_jpnm,R,1843,0,t
bkgX_jpnm,R,2186,0,t
bkgX_jpnm,R,2972,0,t
bkgX_jpnm,R,1086,0,f
bkgX_jpnm,R,2418,0,t
bkgX_jpnm,C,3021,0,f
bkgX_jpnm,C,1244,0,f
bkgX_jpnm,C,1674,0,f
bkgX_jpnm,C,1138,0,t
bkgX_jpnm,C,1250,0,f
bkgX_jpnm,C,1284,0,t
bkgX_jpnm,C,1330,0,f
bkgX_jpnm,C,1339,0,f
bkgX_jpnm,C,1765,0,f
bkgX_jpnm,C,1506,0,t
bkgX_jpnm,C,1131,0,t
bkgX_jpnm,C,1377,0,t
bkgX_jpnm,C,1082,0,t
bkgX_jpnm,C,1354,0,t
bkgX_jpnm,C,1009,0,t
bkgX_jpnm,C,1705,0,f
bkgX_jpnm,C,994,0,f
bkgX_jpnm,C,2164,0,t
bkgX_jpnm,C,1173,0,f
bkgX_jpnm,C,1166,0,t
bkgX_jpnm,C,1145,0,f
bkgX_jpnm,C,938,0,f
bkgX_jpnm,C,1266,0,f
bkgX_jpnm,C,1324,0,t
bkgX_jpnm,C,1314,0,f
bkgX_jpnm,C,1115,0,f
bkgX_jpnm,C,1291,0,f
bkgX_jpnm,C,1299,0,f
bkgX_jpnm,C,1333,0,t
bkgX_jpnm,C,1347,0,f
bkgX_jpnm,C,1139,0,t
bkgX_jpnm,C,1475,0,t
bkgX_jpnm,C,1283,0,f
bkgX_jpnm,C,1139,0,t
bkgX_jpnm,C,1338,0,t
bkgX_jpnm,C,2549,0,t
bkgX_jpnm,C,1140,0,t
bkgX_jpnm,C,1929,0,t
bkgX_jpnm,C,1284,0,f
bkgX_jpnm,C,2943,0,t
bkgX_jpnm,C,1042,0,t
bkgX_jpnm,C,1107,0,t
bkgX_jpnm,C,1131,0,f
bkgX_jpnm,C,10231,0,t
bkgX_jpnm,C,1279,0,f
bkgX_jpnm,C,1027,0,t
bkgX_jpnm,C,1478,0,t
bkgX_jpnm,C,1115,0,t
bkgX_jpnm,C,1146,0,t
bkgX_jpnm,C,987,0,f
bkgX_jpnm,C,1382,0,f
bkgX_jpnm,C,1105,0,f
bkgX_jpnm,C,1020,0,f
bkgX_jpnm,C,1086,0,t
bkgX_jpnm,C,1284,0,t
bkgX_jpnm,C,1423,0,f
bkgX_jpnm,C,3540,0,t
Z17yLl02Q,C,1786,0,f
bkgX_jpnm,C,1120,0,f
Z17yLl02Q,C,1149,0,t
bkgX_jpnm,C,1258,0,t
bkgX_jpnm,C,1027,0,t
Z17yLl02Q,C,2179,0,t
bkgX_jpnm,C,1930,0,t
Z17yLl02Q,C,1568,0,t
bkgX_jpnm,C,1098,0,t
Z17yLl02Q,C,1554,0,t
bkgX_jpnm,C,1377,0,t
Z17yLl02Q,C,1130,0,t
bkgX_jpnm,C,1269,0,t
Z17yLl02Q,C,2077,0,t
bkgX_jpnm,C,1107,0,t
Z17yLl02Q,C,1139,0,t
bkgX_jpnm,C,1530,0,t
Z17yLl02Q,C,1750,0,t
bkgX_jpnm,C,2633,0,t
Z17yLl02Q,C,1498,0,f
bkgX_jpnm,C,1629,0,f
Z17yLl02Q,C,1142,0,t
bkgX_jpnm,C,1363,0,f
Z17yLl02Q,C,1386,0,t
bkgX_jpnm,C,1379,0,t
Z17yLl02Q,C,1879,0,t
bkgX_jpnm,C,1435,0,t
Z17yLl02Q,C,1033,0,f
bkgX_jpnm,C,1153,0,t
Z17yLl02Q,C,1486,0,t
bkgX_jpnm,C,1186,0,t
Z17yLl02Q,C,1457,0,f
bkgX_jpnm,C,1115,0,t
Z17yLl02Q,C,1142,0,t
bkgX_jpnm,C,1307,0,t
bkgX_jpnm,C,1018,0,t
Z17yLl02Q,C,2484,0,t
bkgX_jpnm,C,1146,0,t
Z17yLl02Q,C,1559,0,t
bkgX_jpnm,C,1234,0,t
Z17yLl02Q,C,1474,0,t
bkgX_jpnm,C,1108,0,f
Z17yLl02Q,C,1089,0,t
bkgX_jpnm,C,1362,0,t
Z17yLl02Q,C,2376,0,t
bkgX_jpnm,C,1483,0,f
Z17yLl02Q,C,1259,0,t
bkgX_jpnm,C,1102,0,f
Z17yLl02Q,C,2119,0,t
bkgX_jpnm,C,1219,0,t
Z17yLl02Q,C,1027,0,t
bkgX_jpnm,C,1248,0,f
Z17yLl02Q,C,1250,0,f
bkgX_jpnm,C,1067,0,t
Z17yLl02Q,C,1635,0,t
bkgX_jpnm,C,1456,0,f
Z17yLl02Q,C,1422,0,t
bkgX_jpnm,C,1162,0,t
Z17yLl02Q,C,1089,0,t
bkgX_jpnm,C,1713,0,t
bkgX_jpnm,C,1202,0,t
Z17yLl02Q,C,2831,0,t
Z17yLl02Q,C,1049,0,t
bkgX_jpnm,C,1393,0,f
Z17yLl02Q,C,1315,0,t
Z17yLl02Q,C,1138,0,t
Z17yLl02Q,C,1115,0,f
Z17yLl02Q,C,1104,0,f
Z17yLl02Q,C,1209,0,t
Z17yLl02Q,C,1174,0,f
Z17yLl02Q,C,1202,0,t
Z17yLl02Q,C,1341,0,f
Z17yLl02Q,C,1025,0,t
Z17yLl02Q,C,1018,0,f
Z17yLl02Q,C,1513,0,t
Z17yLl02Q,C,1099,0,t
Z17yLl02Q,C,1418,0,t
Z17yLl02Q,C,1211,0,t
Z17yLl02Q,C,1030,0,f
Z17yLl02Q,C,1289,0,t
Z17yLl02Q,C,1455,0,f
Z17yLl02Q,C,1322,0,t
Z17yLl02Q,C,986,0,t
Z17yLl02Q,C,1219,0,f
Z17yLl02Q,C,1730,0,t
Z17yLl02Q,C,1233,0,t
Z17yLl02Q,C,1336,0,t
Z17yLl02Q,C,1226,0,t
Z17yLl02Q,C,1266,0,t
Z17yLl02Q,C,936,0,t
Z17yLl02Q,C,993,0,f
Z17yLl02Q,C,1242,0,t
Z17yLl02Q,C,1508,0,f
Z17yLl02Q,C,989,0,t
Z17yLl02Q,C,1794,0,t
Z17yLl02Q,C,1070,0,t
Z17yLl02Q,C,1202,0,t
Z17yLl02Q,C,974,0,f
Z17yLl02Q,C,1002,0,f
Z17yLl02Q,C,1166,0,f
Z17yLl02Q,C,1202,0,t
Z17yLl02Q,C,2808,0,f
Z17yLl02Q,C,1507,0,t
Z17yLl02Q,C,3029,0,t
Z17yLl02Q,C,949,0,f
Z17yLl02Q,C,1056,0,t
Z17yLl02Q,C,1407,0,t
Z17yLl02Q,C,1154,0,f
Z17yLl02Q,C,1655,0,t
Z17yLl02Q,C,1098,0,f
Z17yLl02Q,C,825,0,f
Z17yLl02Q,C,878,0,f
Z17yLl02Q,C,1250,0,t
Z17yLl02Q,C,949,0,f
Z17yLl02Q,C,1827,0,t
Z17yLl02Q,C,1213,0,t
Z17yLl02Q,C,1314,0,t
Z17yLl02Q,C,1162,0,t
Z17yLl02Q,C,1843,0,t
Z17yLl02Q,C,1310,0,f
Z17yLl02Q,C,1129,0,f
Z17yLl02Q,C,1302,0,t
Z17yLl02Q,C,2306,0,t
Z17yLl02Q,R,1007,0,f
Z17yLl02Q,R,1098,0,f
Z17yLl02Q,R,1842,0,t
Z17yLl02Q,R,1502,0,f
Z17yLl02Q,R,1769,0,t
Z17yLl02Q,R,2600,0,t
Z17yLl02Q,R,1097,0,f
Z17yLl02Q,R,946,0,f
Z17yLl02Q,R,1587,0,t
Z17yLl02Q,R,1852,0,t
Z17yLl02Q,R,2183,0,t
Z17yLl02Q,R,1443,0,f
Z17yLl02Q,R,1919,0,t
Z17yLl02Q,R,1579,0,t
Z17yLl02Q,R,1915,0,t
Z17yLl02Q,R,1486,0,f
Z17yLl02Q,R,1681,0,t
Z17yLl02Q,R,1478,0,f
Z17yLl02Q,R,1898,0,t
Z17yLl02Q,R,1808,0,t
Z17yLl02Q,R,2019,0,t
Z17yLl02Q,R,2155,0,t
Z17yLl02Q,R,1790,0,t
Z17yLl02Q,R,2526,0,t
Z17yLl02Q,R,1666,0,t
Z17yLl02Q,R,2575,0,t
Z17yLl02Q,R,1987,0,t
Z17yLl02Q,R,1362,0,f
Z17yLl02Q,R,1790,0,t
Z17yLl02Q,R,1402,0,f
Z17yLl02Q,R,1596,0,t
Z17yLl02Q,R,1466,0,t
Z17yLl02Q,R,1671,0,t
Z17yLl02Q,R,1450,0,t
Z17yLl02Q,R,1810,0,t
Z17yLl02Q,R,2247,0,t
Z17yLl02Q,R,1883,0,t
Z17yLl02Q,R,1739,0,t
Z17yLl02Q,R,2472,0,t
Z17yLl02Q,R,1690,0,f
Z17yLl02Q,R,2115,0,t
Z17yLl02Q,R,1863,0,t
Z17yLl02Q,R,1979,0,t
Z17yLl02Q,R,1474,0,t
Z17yLl02Q,R,1185,0,f
Z17yLl02Q,R,2147,0,t
Z17yLl02Q,R,2167,0,t
Z17yLl02Q,R,1690,0,t
Z17yLl02Q,R,1260,0,f
Z17yLl02Q,R,914,0,f
Z17yLl02Q,R,990,0,f
Z17yLl02Q,R,1963,0,t
Z17yLl02Q,R,1634,0,t
Z17yLl02Q,R,2953,1,t
Z17yLl02Q,R,1017,0,f
Z17yLl02Q,R,936,0,f
Z17yLl02Q,R,2671,0,t
Z17yLl02Q,R,1713,0,t
Z17yLl02Q,R,1960,0,t
Z17yLl02Q,R,1571,0,t
Z17yLl02Q,R,1866,0,t
Z17yLl02Q,R,1310,0,f
Z17yLl02Q,R,1762,0,t
Z17yLl02Q,R,1941,0,t
Z17yLl02Q,R,3289,0,t
Z17yLl02Q,R,1955,0,t
Z17yLl02Q,R,1734,0,t
Z17yLl02Q,R,914,0,f
Z17yLl02Q,R,1127,0,f
Z17yLl02Q,R,3793,0,t
Z17yLl02Q,R,1161,0,f
Z17yLl02Q,R,2051,0,t
Z17yLl02Q,R,1782,0,t
Z17yLl02Q,R,1322,0,f
Z17yLl02Q,R,1951,0,t
Z17yLl02Q,R,2503,0,t
Z17yLl02Q,R,2268,0,t
Z17yLl02Q,R,2466,0,t
Z17yLl02Q,R,2305,1,t
Z17yLl02Q,R,2472,0,t
Z17yLl02Q,R,1947,0,t
Z17yLl02Q,R,1274,0,f
Z17yLl02Q,R,1904,0,t
Z17yLl02Q,R,2108,0,t
Z17yLl02Q,R,1849,0,t
Z17yLl02Q,R,1274,0,f
Z17yLl02Q,R,1538,0,f
Z17yLl02Q,R,2184,0,t
Z17yLl02Q,R,2621,0,t
Z17yLl02Q,R,1459,0,f
WybGifRnm,C,1698,0,f
WybGifRnm,C,1240,0,t
WybGifRnm,C,998,0,t
WybGifRnm,C,1047,0,t
WybGifRnm,C,1014,0,t
WybGifRnm,C,1698,0,f
WybGifRnm,C,1261,0,t
WybGifRnm,C,1040,0,t
WybGifRnm,C,844,0,f
WybGifRnm,C,1010,0,t
WybGifRnm,C,1181,0,f
WybGifRnm,C,1258,0,t
WybGifRnm,C,1010,0,t
WybGifRnm,C,1010,0,t
WybGifRnm,C,1086,0,t
WybGifRnm,C,1225,0,t
WybGifRnm,C,1102,0,f
WybGifRnm,C,969,0,f
WybGifRnm,C,1274,0,t
WybGifRnm,C,992,0,f
WybGifRnm,C,1016,0,t
WybGifRnm,C,1034,0,t
WybGifRnm,C,976,0,t
WybGifRnm,C,1171,0,t
WybGifRnm,C,1054,0,t
WybGifRnm,C,922,0,t
WybGifRnm,C,1452,0,t
WybGifRnm,C,1031,0,t
WybGifRnm,C,1148,0,t
WybGifRnm,C,963,0,t
WybGifRnm,C,938,0,t
WybGifRnm,C,1210,0,t
WybGifRnm,C,1064,0,f
WybGifRnm,C,961,0,f
WybGifRnm,C,1017,0,t
WybGifRnm,C,1104,0,t
WybGifRnm,C,964,0,f
WybGifRnm,C,1162,0,t
WybGifRnm,C,923,0,f
WybGifRnm,C,1039,0,t
WybGifRnm,C,1311,0,f
WybGifRnm,C,1025,0,t
WybGifRnm,C,886,0,f
WybGifRnm,C,1699,0,t
WybGifRnm,C,1388,0,t
WybGifRnm,C,1006,0,f
WybGifRnm,C,978,0,f
WybGifRnm,C,916,0,t
WybGifRnm,C,844,0,t
WybGifRnm,C,1016,0,t
WybGifRnm,C,1156,0,f
WybGifRnm,C,1620,1,t
WybGifRnm,C,1076,0,t
WybGifRnm,C,1352,0,t
WybGifRnm,C,1069,0,f
WybGifRnm,C,986,0,t
WybGifRnm,C,987,0,t
WybGifRnm,C,1139,0,f
WybGifRnm,C,999,0,t
WybGifRnm,C,1087,0,f
WybGifRnm,C,1282,0,t
WybGifRnm,C,964,0,t
WybGifRnm,C,931,0,f
WybGifRnm,C,1141,0,f
WybGifRnm,C,891,0,t
WybGifRnm,C,852,0,t
WybGifRnm,C,960,0,f
WybGifRnm,C,1155,0,t
WybGifRnm,C,1203,0,t
WybGifRnm,C,1114,0,t
WybGifRnm,C,1125,0,t
WybGifRnm,C,1040,0,t
WybGifRnm,C,946,0,t
WybGifRnm,C,986,0,f
WybGifRnm,C,1014,0,f
WybGifRnm,C,1007,0,f
WybGifRnm,C,1061,0,t
WybGifRnm,C,1713,0,f
WybGifRnm,C,938,0,f
WybGifRnm,C,1046,0,t
WybGifRnm,C,1132,0,t
WybGifRnm,C,995,0,t
WybGifRnm,C,908,0,t
WybGifRnm,C,956,0,f
WybGifRnm,C,1337,0,t
WybGifRnm,C,1064,0,t
WybGifRnm,C,816,0,f
WybGifRnm,C,1258,0,t
WybGifRnm,C,954,0,f
WybGifRnm,C,1118,0,t
WybGifRnm,R,1882,0,f
WybGifRnm,R,1785,0,t
WybGifRnm,R,987,0,f
WybGifRnm,R,961,0,f
WybGifRnm,R,2363,0,t
WybGifRnm,R,1943,0,t
WybGifRnm,R,1788,0,t
WybGifRnm,R,1716,0,t
WybGifRnm,R,793,0,f
WybGifRnm,R,1809,0,f
WybGifRnm,R,2205,0,t
WybGifRnm,R,887,0,f
WybGifRnm,R,2206,0,t
WybGifRnm,R,1840,0,t
WybGifRnm,R,2757,0,t
WybGifRnm,R,1590,0,t
WybGifRnm,R,1994,0,t
WybGifRnm,R,1302,0,t
WybGifRnm,R,2266,0,t
WybGifRnm,R,2192,0,t
WybGifRnm,R,1434,0,t
WybGifRnm,R,1132,0,f
WybGifRnm,R,1823,0,t
WybGifRnm,R,2365,0,t
WybGifRnm,R,2906,0,t
WybGifRnm,R,2012,0,t
WybGifRnm,R,907,0,f
WybGifRnm,R,814,0,f
WybGifRnm,R,1760,0,t
WybGifRnm,R,1579,0,t
WybGifRnm,R,2837,0,t
WybGifRnm,R,1992,0,t
WybGifRnm,R,1766,0,t
WybGifRnm,R,1851,0,t
WybGifRnm,R,1815,0,t
WybGifRnm,R,1102,0,f
WybGifRnm,R,1078,0,f
WybGifRnm,R,2451,1,t
WybGifRnm,R,1780,0,t
WybGifRnm,R,814,0,f
WybGifRnm,R,1901,0,t
WybGifRnm,R,1738,0,t
WybGifRnm,R,2148,0,t
WybGifRnm,R,1666,0,t
WybGifRnm,R,1172,0,f
WybGifRnm,R,785,0,f
WybGifRnm,R,1761,0,t
WybGifRnm,R,1648,0,t
WybGifRnm,R,1536,0,t
WybGifRnm,R,1513,0,t
WybGifRnm,R,1676,0,t
WybGifRnm,R,2049,0,t
WybGifRnm,R,884,0,f
WybGifRnm,R,1624,0,t
WybGifRnm,R,1652,0,t
WybGifRnm,R,2000,0,t
WybGifRnm,R,1752,0,t
WybGifRnm,R,1816,0,t
WybGifRnm,R,2559,0,t
WybGifRnm,R,1380,0,f
WybGifRnm,R,917,0,f
WybGifRnm,R,892,0,f
WybGifRnm,R,1870,0,t
WybGifRnm,R,845,0,f
WybGifRnm,R,2398,0,t
WybGifRnm,R,1649,0,t
WybGifRnm,R,1202,0,f
WybGifRnm,R,1248,0,f
WybGifRnm,R,1310,0,f
WybGifRnm,R,2950,0,t
WybGifRnm,R,1762,0,t
WybGifRnm,R,1654,0,t
WybGifRnm,R,1452,0,t
WybGifRnm,R,2102,0,t
WybGifRnm,R,1366,0,t
WybGifRnm,R,2054,0,t
WybGifRnm,R,1171,0,f
WybGifRnm,R,2376,0,t
WybGifRnm,R,2979,0,t
WybGifRnm,R,1800,0,t
WybGifRnm,R,1900,0,t
WybGifRnm,R,1475,0,t
WybGifRnm,R,1816,0,t
WybGifRnm,R,1575,0,t
WybGifRnm,R,1855,0,t
WybGifRnm,R,2327,0,f
WybGifRnm,R,2119,0,t
WybGifRnm,R,1901,1,t
WybGifRnm,R,1730,0,t
WybGifRnm,R,1396,0,f
ZkZ4FJahQ,R,8540,0,f
ZkZ4FJahQ,R,3313,0,f
ZkZ4FJahQ,R,6762,0,f
ZkZ4FJahQ,R,7941,0,f
ZkZ4FJahQ,R,2630,0,t
ZkZ4FJahQ,R,2248,0,t
ZkZ4FJahQ,R,1503,0,f
ZkZ4FJahQ,R,2519,0,t
ZkZ4FJahQ,R,1279,0,f
ZkZ4FJahQ,R,2074,0,t
ZkZ4FJahQ,R,2115,0,t
ZkZ4FJahQ,R,2248,0,t
ZkZ4FJahQ,R,3538,0,t
ZkZ4FJahQ,R,1517,0,f
ZkZ4FJahQ,R,2004,0,t
ZkZ4FJahQ,R,3243,0,t
ZkZ4FJahQ,R,2543,0,t
ZkZ4FJahQ,R,1596,0,f
ZkZ4FJahQ,R,2460,0,t
ZkZ4FJahQ,R,1978,0,t
ZkZ4FJahQ,R,2141,0,t
ZkZ4FJahQ,R,2028,0,t
ZkZ4FJahQ,R,2315,0,t
ZkZ4FJahQ,R,2557,0,t
ZkZ4FJahQ,R,1966,0,t
ZkZ4FJahQ,R,2556,0,t
ZkZ4FJahQ,R,2897,0,t
ZkZ4FJahQ,R,1681,0,t
ZkZ4FJahQ,R,1266,0,f
ZkZ4FJahQ,R,970,0,f
ZkZ4FJahQ,R,2754,0,t
ZkZ4FJahQ,R,2760,0,t
ZkZ4FJahQ,R,2704,0,t
ZkZ4FJahQ,R,3216,0,t
ZkZ4FJahQ,R,1234,0,f
ZkZ4FJahQ,R,1912,0,t
ZkZ4FJahQ,R,2447,0,t
ZkZ4FJahQ,R,1476,0,f
ZkZ4FJahQ,R,1523,0,f
ZkZ4FJahQ,R,2594,0,t
ZkZ4FJahQ,R,1524,0,f
ZkZ4FJahQ,R,2099,0,t
ZkZ4FJahQ,R,1425,0,f
ZkZ4FJahQ,R,2188,0,t
ZkZ4FJahQ,R,1838,0,t
ZkZ4FJahQ,R,2811,0,t
ZkZ4FJahQ,R,2040,0,f
ZkZ4FJahQ,R,2798,0,t
ZkZ4FJahQ,R,1518,0,f
ZkZ4FJahQ,R,2219,0,t
ZkZ4FJahQ,R,3530,0,t
ZkZ4FJahQ,R,2164,0,t
ZkZ4FJahQ,R,4091,0,t
ZkZ4FJahQ,R,2572,0,t
ZkZ4FJahQ,R,1890,0,f
ZkZ4FJahQ,R,2744,0,t
ZkZ4FJahQ,R,1808,0,t
ZkZ4FJahQ,R,2587,0,t
ZkZ4FJahQ,R,1868,0,t
ZkZ4FJahQ,R,2455,0,t
ZkZ4FJahQ,R,2407,0,f
ZkZ4FJahQ,R,1898,0,t
ZkZ4FJahQ,R,2280,0,t
ZkZ4FJahQ,R,1680,0,t
ZkZ4FJahQ,R,1428,0,f
ZkZ4FJahQ,R,3701,0,t
ZkZ4FJahQ,R,1897,0,t
ZkZ4FJahQ,R,2891,0,t
ZkZ4FJahQ,R,3946,0,t
ZkZ4FJahQ,R,2747,0,t
ZkZ4FJahQ,R,1809,0,t
ZkZ4FJahQ,R,2608,0,t
ZkZ4FJahQ,R,2791,0,t
ZkZ4FJahQ,R,1794,0,f
ZkZ4FJahQ,R,2264,0,t
ZkZ4FJahQ,R,1300,0,f
ZkZ4FJahQ,R,1562,0,f
ZkZ4FJahQ,R,1322,0,f
ZkZ4FJahQ,R,2620,0,t
ZkZ4FJahQ,R,2712,0,t
ZkZ4FJahQ,R,3268,0,t
ZkZ4FJahQ,R,2656,0,t
ZkZ4FJahQ,R,1788,0,f
ZkZ4FJahQ,R,2248,0,t
ZkZ4FJahQ,R,2656,0,t
ZkZ4FJahQ,R,2496,0,t
ZkZ4FJahQ,R,2877,0,t
ZkZ4FJahQ,R,2354,0,t
ZkZ4FJahQ,R,2134,0,t
ZkZ4FJahQ,R,3451,0,t
ZkZ4FJahQ,C,1714,0,f
ZkZ4FJahQ,C,1542,0,t
ZkZ4FJahQ,C,2181,0,f
ZkZ4FJahQ,C,1572,0,t
ZkZ4FJahQ,C,1636,0,t
ZkZ4FJahQ,C,1556,0,t
ZkZ4FJahQ,C,1866,0,t
ZkZ4FJahQ,C,1550,0,t
ZkZ4FJahQ,C,1714,0,t
ZkZ4FJahQ,C,1506,0,t
ZkZ4FJahQ,C,1734,0,t
ZkZ4FJahQ,C,2277,0,t
ZkZ4FJahQ,C,1475,0,t
ZkZ4FJahQ,C,2015,0,f
ZkZ4FJahQ,C,1612,0,t
ZkZ4FJahQ,C,1442,0,f
ZkZ4FJahQ,C,2200,0,t
ZkZ4FJahQ,C,1386,0,t
ZkZ4FJahQ,C,2049,0,t
ZkZ4FJahQ,C,1852,0,t
ZkZ4FJahQ,C,1963,0,t
ZkZ4FJahQ,C,1858,0,t
ZkZ4FJahQ,C,1695,0,f
ZkZ4FJahQ,C,2147,0,t
ZkZ4FJahQ,C,1936,0,t
ZkZ4FJahQ,C,1210,0,f
ZkZ4FJahQ,C,1899,0,t
ZkZ4FJahQ,C,1840,0,f
ZkZ4FJahQ,C,1249,0,t
ZkZ4FJahQ,C,1646,0,t
ZkZ4FJahQ,C,1426,0,t
ZkZ4FJahQ,C,2055,0,t
ZkZ4FJahQ,C,1409,0,t
ZkZ4FJahQ,C,1967,0,t
ZkZ4FJahQ,C,1355,0,t
ZkZ4FJahQ,C,2701,0,t
ZkZ4FJahQ,C,1262,0,t
ZkZ4FJahQ,C,1289,0,f
ZkZ4FJahQ,C,1873,0,t
ZkZ4FJahQ,C,1517,0,t
ZkZ4FJahQ,C,2056,0,t
ZkZ4FJahQ,C,1333,0,t
ZkZ4FJahQ,C,1761,0,t
ZkZ4FJahQ,C,1776,0,t
ZkZ4FJahQ,C,1950,0,t
ZkZ4FJahQ,C,1642,0,t
ZkZ4FJahQ,C,1536,0,t
ZkZ4FJahQ,C,1562,0,t
ZkZ4FJahQ,C,1941,0,f
ZkZ4FJahQ,C,1353,0,f
ZkZ4FJahQ,C,1472,0,f
ZkZ4FJahQ,C,1995,0,t
ZkZ4FJahQ,C,1867,0,f
ZkZ4FJahQ,C,1477,0,t
ZkZ4FJahQ,C,1570,0,f
ZkZ4FJahQ,C,1564,0,t
ZkZ4FJahQ,C,2151,0,t
ZkZ4FJahQ,C,1353,0,t
ZkZ4FJahQ,C,1623,0,f
ZkZ4FJahQ,C,1437,0,t
ZkZ4FJahQ,C,1495,0,t
ZkZ4FJahQ,C,1411,0,f
ZkZ4FJahQ,C,1569,0,t
ZkZ4FJahQ,C,1540,0,t
ZkZ4FJahQ,C,1570,0,t
ZkZ4FJahQ,C,1426,0,t
ZkZ4FJahQ,C,1362,0,t
ZkZ4FJahQ,C,1209,0,f
ZkZ4FJahQ,C,1458,0,t
ZkZ4FJahQ,C,1338,0,t
ZkZ4FJahQ,C,1571,0,f
ZkZ4FJahQ,C,1696,0,t
ZkZ4FJahQ,C,1796,0,t
ZkZ4FJahQ,C,1879,0,f
ZkZ4FJahQ,C,1890,0,t
ZkZ4FJahQ,C,1429,0,f
ZkZ4FJahQ,C,2097,0,t
ZkZ4FJahQ,C,1645,0,t
ZkZ4FJahQ,C,1274,0,f
ZkZ4FJahQ,C,1587,0,f
ZkZ4FJahQ,C,1949,0,t
ZkZ4FJahQ,C,1393,0,f
ZkZ4FJahQ,C,1638,0,f
ZkZ4FJahQ,C,1401,0,t
ZkZ4FJahQ,C,1495,0,t
ZkZ4FJahQ,C,1668,0,f
ZkZ4FJahQ,C,1286,0,t
ZkZ4FJahQ,C,1700,0,t
ZkZ4FJahQ,C,2052,0,t
ZkZ4FJahQ,C,1982,0,t
byTfvSk6X,R,1597,0,f
byTfvSk6X,R,1442,0,f
byTfvSk6X,R,2656,0,t
byTfvSk6X,R,2451,0,t
byTfvSk6X,R,1360,0,f
byTfvSk6X,R,9451,0,t
byTfvSk6X,R,2621,0,t
byTfvSk6X,R,2903,0,t
byTfvSk6X,R,3310,0,t
byTfvSk6X,R,1788,0,f
byTfvSk6X,R,2879,0,t
byTfvSk6X,R,2928,0,t
byTfvSk6X,R,2439,0,t
byTfvSk6X,R,2542,0,t
byTfvSk6X,R,2869,0,t
byTfvSk6X,R,1553,0,f
byTfvSk6X,R,2633,0,t
byTfvSk6X,R,2488,0,t
byTfvSk6X,R,2305,0,t
byTfvSk6X,R,3082,0,t
byTfvSk6X,R,2711,0,t
byTfvSk6X,R,2283,0,t
byTfvSk6X,R,2284,0,t
byTfvSk6X,R,2551,0,t
byTfvSk6X,R,2400,0,t
byTfvSk6X,R,2619,0,t
byTfvSk6X,R,2799,0,t
byTfvSk6X,R,2542,0,t
byTfvSk6X,R,2678,0,t
byTfvSk6X,R,2610,0,t
byTfvSk6X,R,1553,0,f
byTfvSk6X,R,1825,0,f
byTfvSk6X,R,2893,0,t
byTfvSk6X,R,2227,0,t
byTfvSk6X,R,1419,0,f
byTfvSk6X,R,2677,0,t
byTfvSk6X,R,1722,0,f
byTfvSk6X,R,2824,0,t
byTfvSk6X,R,2487,0,t
byTfvSk6X,R,1338,0,f
byTfvSk6X,R,2836,0,t
byTfvSk6X,R,3398,0,t
byTfvSk6X,R,2510,0,t
byTfvSk6X,R,1542,0,f
byTfvSk6X,R,1417,0,f
byTfvSk6X,R,2744,0,t
byTfvSk6X,R,1508,0,f
byTfvSk6X,R,3137,0,t
byTfvSk6X,R,2600,0,t
byTfvSk6X,R,2964,0,t
byTfvSk6X,R,2408,0,t
byTfvSk6X,R,3015,0,t
byTfvSk6X,R,2961,0,t
byTfvSk6X,R,2811,0,t
byTfvSk6X,R,2579,0,t
byTfvSk6X,R,2542,0,t
byTfvSk6X,R,3001,0,t
byTfvSk6X,R,1562,0,f
byTfvSk6X,R,2698,0,t
byTfvSk6X,R,2182,0,t
byTfvSk6X,R,1969,0,f
byTfvSk6X,R,3026,0,t
byTfvSk6X,R,2915,0,t
byTfvSk6X,R,2566,0,t
byTfvSk6X,R,1484,0,f
byTfvSk6X,R,3553,0,t
byTfvSk6X,R,1475,0,f
byTfvSk6X,R,1654,0,f
byTfvSk6X,R,2587,0,t
byTfvSk6X,R,1574,0,f
byTfvSk6X,R,2591,0,t
byTfvSk6X,R,1542,0,f
byTfvSk6X,R,2372,0,t
byTfvSk6X,R,2623,0,t
byTfvSk6X,R,1407,0,f
byTfvSk6X,R,2543,0,t
byTfvSk6X,R,2080,0,t
byTfvSk6X,R,1721,0,f
byTfvSk6X,R,1221,0,f
byTfvSk6X,R,2623,0,t
byTfvSk6X,R,2566,0,t
byTfvSk6X,R,2837,0,t
byTfvSk6X,R,1451,0,f
byTfvSk6X,R,2777,0,t
byTfvSk6X,R,2653,0,t
byTfvSk6X,R,2769,0,t
byTfvSk6X,R,2801,0,t
byTfvSk6X,R,2407,0,t
byTfvSk6X,R,2024,0,t
byTfvSk6X,R,2614,0,t
byTfvSk6X,C,4836,0,f
byTfvSk6X,C,2127,0,t
byTfvSk6X,C,1554,0,f
byTfvSk6X,C,1586,0,f
byTfvSk6X,C,1678,0,t
byTfvSk6X,C,1679,0,f
byTfvSk6X,C,1451,0,f
byTfvSk6X,C,1596,0,t
byTfvSk6X,C,1329,0,f
byTfvSk6X,C,1440,0,f
byTfvSk6X,C,1631,0,t
byTfvSk6X,C,4166,0,t
byTfvSk6X,C,1598,0,f
byTfvSk6X,C,1544,0,t
byTfvSk6X,C,1419,0,f
byTfvSk6X,C,1630,0,t
byTfvSk6X,C,1646,0,t
byTfvSk6X,C,1521,0,f
byTfvSk6X,C,1573,0,t
byTfvSk6X,C,1486,0,t
byTfvSk6X,C,1273,0,t
byTfvSk6X,C,1802,0,f
byTfvSk6X,C,1741,0,t
byTfvSk6X,C,2013,0,t
byTfvSk6X,C,1743,0,t
byTfvSk6X,C,1305,0,t
byTfvSk6X,C,1663,0,t
byTfvSk6X,C,1700,0,t
byTfvSk6X,C,1407,0,t
byTfvSk6X,C,3995,0,t
byTfvSk6X,C,1518,0,t
byTfvSk6X,C,1488,0,t
byTfvSk6X,C,1542,0,f
byTfvSk6X,C,1586,0,t
byTfvSk6X,C,1329,0,t
byTfvSk6X,C,2170,0,t
byTfvSk6X,C,1857,0,t
byTfvSk6X,C,1823,0,t
byTfvSk6X,C,2113,0,t
byTfvSk6X,C,4231,0,t
byTfvSk6X,C,1543,0,f
byTfvSk6X,C,1542,0,t
byTfvSk6X,C,1450,0,f
byTfvSk6X,C,1396,0,f
byTfvSk6X,C,1508,0,f
byTfvSk6X,C,1359,0,t
byTfvSk6X,C,1869,0,f
byTfvSk6X,C,1778,0,t
byTfvSk6X,C,1405,0,f
byTfvSk6X,C,1643,0,f
byTfvSk6X,C,1532,0,t
byTfvSk6X,C,1900,0,t
byTfvSk6X,C,1923,0,t
byTfvSk6X,C,1632,0,t
byTfvSk6X,C,1586,0,t
byTfvSk6X,C,1385,0,t
byTfvSk6X,C,1486,0,t
byTfvSk6X,C,2195,0,t
byTfvSk6X,C,2373,0,f
byTfvSk6X,C,1553,0,f
byTfvSk6X,C,1723,0,f
byTfvSk6X,C,1698,0,f
byTfvSk6X,C,1844,0,t
byTfvSk6X,C,1630,0,f
byTfvSk6X,C,1396,0,f
byTfvSk6X,C,1633,0,t
byTfvSk6X,C,1581,0,f
byTfvSk6X,C,1576,0,t
byTfvSk6X,C,2204,0,f
byTfvSk6X,C,1517,0,f
byTfvSk6X,C,1532,0,f
byTfvSk6X,C,1847,0,t
byTfvSk6X,C,1360,0,t
byTfvSk6X,C,1676,0,t
byTfvSk6X,C,1732,0,t
byTfvSk6X,C,1563,0,t
byTfvSk6X,C,1845,0,t
byTfvSk6X,C,1441,0,t
byTfvSk6X,C,2116,0,t
byTfvSk6X,C,1425,0,f
byTfvSk6X,C,1631,0,f
byTfvSk6X,C,1667,0,t
byTfvSk6X,C,1488,0,t
byTfvSk6X,C,1629,0,t
byTfvSk6X,C,1618,0,f
byTfvSk6X,C,1832,0,t
byTfvSk6X,C,1499,0,f
byTfvSk6X,C,1551,0,t
byTfvSk6X,C,1684,0,f
byTfvSk6X,C,1723,0,t
b1UBTLypQ,C,9112,0,f
b1UBTLypQ,C,1635,0,t
b1UBTLypQ,C,1699,0,t
b1UBTLypQ,C,3711,0,f
b1UBTLypQ,C,1459,0,t
b1UBTLypQ,C,1235,0,f
b1UBTLypQ,C,2108,0,t
b1UBTLypQ,C,2324,0,t
b1UBTLypQ,C,2061,0,f
b1UBTLypQ,C,4249,0,t
b1UBTLypQ,C,1272,0,f
b1UBTLypQ,C,1678,0,f
b1UBTLypQ,C,2110,0,t
b1UBTLypQ,C,2068,0,t
b1UBTLypQ,C,1781,0,t
b1UBTLypQ,C,1509,0,t
b1UBTLypQ,C,1987,0,t
b1UBTLypQ,C,1903,0,t
b1UBTLypQ,C,7077,0,t
b1UBTLypQ,C,1420,0,t
b1UBTLypQ,C,1391,0,f
b1UBTLypQ,C,1882,0,t
b1UBTLypQ,C,1320,0,f
b1UBTLypQ,C,1266,0,f
b1UBTLypQ,C,1318,0,f
b1UBTLypQ,C,1797,0,f
b1UBTLypQ,C,1627,0,t
b1UBTLypQ,C,1282,0,f
b1UBTLypQ,C,1787,0,t
b1UBTLypQ,C,4381,0,t
b1UBTLypQ,C,2062,0,t
b1UBTLypQ,C,5493,0,f
b1UBTLypQ,C,1709,0,t
b1UBTLypQ,C,2181,0,t
b1UBTLypQ,C,1626,0,t
b1UBTLypQ,C,1873,0,t
b1UBTLypQ,C,1810,0,t
b1UBTLypQ,C,2618,0,t
b1UBTLypQ,C,1530,0,t
b1UBTLypQ,C,2102,0,t
b1UBTLypQ,C,1979,0,t
b1UBTLypQ,C,1705,0,f
b1UBTLypQ,C,1795,0,f
b1UBTLypQ,C,1209,0,f
b1UBTLypQ,C,1337,0,f
b1UBTLypQ,C,1267,0,t
b1UBTLypQ,C,1620,0,f
b1UBTLypQ,C,1241,0,t
b1UBTLypQ,C,1623,0,f
b1UBTLypQ,C,4019,0,t
b1UBTLypQ,C,1466,0,f
b1UBTLypQ,C,2520,0,t
b1UBTLypQ,C,1714,0,f
b1UBTLypQ,C,1632,0,t
b1UBTLypQ,C,1346,0,f
b1UBTLypQ,C,1515,0,t
b1UBTLypQ,C,1659,0,t
b1UBTLypQ,C,1602,0,t
b1UBTLypQ,C,3921,0,t
b1UBTLypQ,C,1433,0,t
b1UBTLypQ,C,1271,0,f
b1UBTLypQ,C,1904,0,t
b1UBTLypQ,C,1519,0,f
b1UBTLypQ,C,1578,0,t
b1UBTLypQ,C,1646,0,f
b1UBTLypQ,C,1559,0,t
b1UBTLypQ,C,1576,0,t
b1UBTLypQ,C,3233,0,t
b1UBTLypQ,C,1458,0,f
b1UBTLypQ,C,1296,0,f
b1UBTLypQ,C,1545,0,t
b1UBTLypQ,C,1326,0,f
b1UBTLypQ,C,1664,0,t
b1UBTLypQ,C,1367,0,f
b1UBTLypQ,C,1913,0,t
b1UBTLypQ,C,1915,0,t
b1UBTLypQ,C,2822,0,f
b1UBTLypQ,C,1722,0,t
b1UBTLypQ,C,1995,0,t
b1UBTLypQ,C,1531,0,t
b1UBTLypQ,C,1956,0,t
b1UBTLypQ,C,1457,0,t
b1UBTLypQ,C,1478,0,t
b1UBTLypQ,C,1810,0,t
b1UBTLypQ,C,1531,0,t
b1UBTLypQ,C,2267,0,t
b1UBTLypQ,C,1692,0,t
b1UBTLypQ,C,2323,0,t
b1UBTLypQ,C,2597,0,f
b1UBTLypQ,C,1549,0,t
b1UBTLypQ,R,1427,0,f
b1UBTLypQ,R,4243,0,t
b1UBTLypQ,R,2414,0,f
b1UBTLypQ,R,1268,0,f
b1UBTLypQ,R,6072,0,t
b1UBTLypQ,R,1707,0,f
b1UBTLypQ,R,5292,0,t
b1UBTLypQ,R,1058,0,f
b1UBTLypQ,R,1809,0,t
b1UBTLypQ,R,2647,0,t
b1UBTLypQ,R,5079,0,t
b1UBTLypQ,R,11059,0,t
b1UBTLypQ,R,1395,0,f
b1UBTLypQ,R,1837,0,f
b1UBTLypQ,R,1507,0,f
b1UBTLypQ,R,1539,0,f
b1UBTLypQ,R,1993,0,t
b1UBTLypQ,R,1789,0,f
b1UBTLypQ,R,1514,0,f
b1UBTLypQ,R,3931,0,t
b1UBTLypQ,R,7806,0,t
b1UBTLypQ,R,3705,0,f
b1UBTLypQ,R,1259,0,f
b1UBTLypQ,R,5427,0,t
b1UBTLypQ,R,10616,0,t
b1UBTLypQ,R,2668,0,t
b1UBTLypQ,R,3744,0,t
b1UBTLypQ,R,1920,0,t
b1UBTLypQ,R,1470,0,f
b1UBTLypQ,R,1250,0,f
b1UBTLypQ,R,1435,0,f
b1UBTLypQ,R,1378,0,f
b1UBTLypQ,R,2267,0,t
b1UBTLypQ,R,3786,0,t
b1UBTLypQ,R,1220,0,f
b1UBTLypQ,R,2222,0,t
b1UBTLypQ,R,1172,0,f
b1UBTLypQ,R,4433,0,f
b1UBTLypQ,R,1112,0,f
b1UBTLypQ,R,2540,0,t
b1UBTLypQ,R,3386,0,t
b1UBTLypQ,R,12506,0,f
b1UBTLypQ,R,1454,0,f
b1UBTLypQ,R,3927,0,t
b1UBTLypQ,R,1923,0,t
b1UBTLypQ,R,7621,1,t
b1UBTLypQ,R,2083,0,t
b1UBTLypQ,R,3811,0,t
b1UBTLypQ,R,6577,0,t
b1UBTLypQ,R,2050,0,t
b1UBTLypQ,R,3787,0,t
b1UBTLypQ,R,1636,0,f
b1UBTLypQ,R,1929,0,t
b1UBTLypQ,R,4532,0,t
b1UBTLypQ,R,2612,0,t
b1UBTLypQ,R,2982,0,f
b1UBTLypQ,R,3168,0,t
b1UBTLypQ,R,2300,0,t
b1UBTLypQ,R,1765,0,t
b1UBTLypQ,R,2447,0,t
b1UBTLypQ,R,3068,0,t
b1UBTLypQ,R,2392,0,t
b1UBTLypQ,R,4169,0,t
b1UBTLypQ,R,2489,0,t
b1UBTLypQ,R,1622,0,f
b1UBTLypQ,R,2216,0,f
b1UBTLypQ,R,2743,0,t
b1UBTLypQ,R,1027,0,f
b1UBTLypQ,R,2246,0,t
b1UBTLypQ,R,5851,0,t
b1UBTLypQ,R,1404,0,f
b1UBTLypQ,R,1226,0,f
b1UBTLypQ,R,2640,0,t
b1UBTLypQ,R,14449,0,f
b1UBTLypQ,R,3731,0,t
b1UBTLypQ,R,2222,0,t
b1UBTLypQ,R,1829,0,f
b1UBTLypQ,R,1695,0,f
b1UBTLypQ,R,7124,0,t
b1UBTLypQ,R,1418,0,f
b1UBTLypQ,R,1157,0,f
b1UBTLypQ,R,1343,0,f
b1UBTLypQ,R,2148,0,t
b1UBTLypQ,R,5328,0,t
b1UBTLypQ,R,4570,0,t
b1UBTLypQ,R,1762,0,t
b1UBTLypQ,R,2725,0,t
b1UBTLypQ,R,4490,0,t
b1UBTLypQ,R,1889,0,f
b1UBTLypQ,R,2491,0,t
